Cluster,Recency,Frequency,Monetary
0,0.2133760538645444,-0.1826896515849299,-0.7010582066485651
1,0.036357591398090916,1.1272297310595016,1.8164412901275009
2,0.1686525522112825,-0.19294739279985595,0.28376327767511555
3,-0.795355789191431,-0.16157872824083308,-0.3709519059395959
